severity	rule	sites	note
OK	script-header-metadata		compliance check passed: script-header-metadata
WARNING	relative-paths-only	26,28,30,40,42	5 CLI defaults are absolute paths
OK	forbidden-variable-names		compliance check passed: forbidden-variable-names
OK	seed-coverage		compliance check passed: seed-coverage
OK	raw-data-write		compliance check passed: raw-data-write
BLOCKER	header-preserved	116	1 read call(s) drop headers explicitly (header=FALSE / col.names=FALSE)
OK	hardcoded-contig		compliance check passed: hardcoded-contig
NOTE	logging-dual-capture		partial: need both sink(split=TRUE) and globalCallingHandlers(message=…)
NOTE	pair-binding-coverage		10 analysis CLI option(s) not bound by launcher (will use defaults): --cpg_dir, --sample_sheet, --tpm, --definition, --min_cov_frac, --min_cpgs, --seed, --permute_y_seed, --outdir, --log_dir
